{
  "Blues": {
    "blue": [
      [
        0.0,
        1.0,
        1.0
      ],
      [
        0.125,
        0.9686274528503418,
        0.9686274528503418
      ],
      [
        0.25,
        0.9372549057006836,
        0.9372549057006836
      ],
      [
        0.375,
        0.8823529481887817,
        0.8823529481887817
      ],
      [
        0.5,
        0.8392156958580017,
        0.8392156958580017
      ],
      [
        0.625,
        0.7764706015586853,
        0.7764706015586853
      ],
      [
        0.75,
        0.7098039388656616,
        0.7098039388656616
      ],
      [
        0.875,
        0.6117647290229797,
        0.6117647290229797
      ],
      [
        1.0,
        0.41960784792900085,
        0.41960784792900085
      ]
    ],
    "green": [
      [
        0.0,
        0.9843137264251709,
        0.9843137264251709
      ],
      [
        0.125,
        0.9215686321258545,
        0.9215686321258545
      ],
      [
        0.25,
        0.8588235378265381,
        0.8588235378265381
      ],
      [
        0.375,
        0.7921568751335144,
        0.7921568751335144
      ],
      [
        0.5,
        0.6823529601097107,
        0.6823529601097107
      ],
      [
        0.625,
        0.572549045085907,
        0.572549045085907
      ],
      [
        0.75,
        0.4431372582912445,
        0.4431372582912445
      ],
      [
        0.875,
        0.3176470696926117,
        0.3176470696926117
      ],
      [
        1.0,
        0.1882352977991104,
        0.1882352977991104
      ]
    ],
    "red": [
      [
        0.0,
        0.9686274528503418,
        0.9686274528503418
      ],
      [
        0.125,
        0.8705882430076599,
        0.8705882430076599
      ],
      [
        0.25,
        0.7764706015586853,
        0.7764706015586853
      ],
      [
        0.375,
        0.6196078658103943,
        0.6196078658103943
      ],
      [
        0.5,
        0.41960784792900085,
        0.41960784792900085
      ],
      [
        0.625,
        0.25882354378700256,
        0.25882354378700256
      ],
      [
        0.75,
        0.12941177189350128,
        0.12941177189350128
      ],
      [
        0.875,
        0.0313725508749485,
        0.0313725508749485
      ],
      [
        1.0,
        0.0313725508749485,
        0.0313725508749485
      ]
    ]
  },
  "jet": {
    "blue": [
      [
        0.0,
        0.5,
        0.5
      ],
      [
        0.11,
        1,
        1
      ],
      [
        0.34,
        1,
        1
      ],
      [
        0.65,
        0,
        0
      ],
      [
        1,
        0,
        0
      ]
    ],
    "green": [
      [
        0.0,
        0,
        0
      ],
      [
        0.125,
        0,
        0
      ],
      [
        0.375,
        1,
        1
      ],
      [
        0.64,
        1,
        1
      ],
      [
        0.91,
        0,
        0
      ],
      [
        1,
        0,
        0
      ]
    ],
    "red": [
      [
        0.0,
        0,
        0
      ],
      [
        0.35,
        0,
        0
      ],
      [
        0.66,
        1,
        1
      ],
      [
        0.89,
        1,
        1
      ],
      [
        1,
        0.5,
        0.5
      ]
    ]
  },
  "bone": {
    "blue": [
      [
        0.0,
        0.0,
        0.0
      ],
      [
        0.365079,
        0.444444,
        0.444444
      ],
      [
        1.0,
        1.0,
        1.0
      ]
    ],
    "green": [
      [
        0.0,
        0.0,
        0.0
      ],
      [
        0.365079,
        0.319444,
        0.319444
      ],
      [
        0.746032,
        0.777778,
        0.777778
      ],
      [
        1.0,
        1.0,
        1.0
      ]
    ],
    "red": [
      [
        0.0,
        0.0,
        0.0
      ],
      [
        0.746032,
        0.652778,
        0.652778
      ],
      [
        1.0,
        1.0,
        1.0
      ]
    ]
  }
}